ITEM,PRICE,SALES
Master Of Ikea XS, 25, 0
Master Of Ikea S, 25, 0
Master Of Ikea M, 25, 0
Master Of Ikea L, 25, 0
Master Of Ikea XL, 25, 0
Master Of Ikea XXL, 25, 0
Master Of Ikea XXXL, 25, 0
Profanar La Tumba XS, 25, 0
Profanar La Tumba S, 25, 0
Profanar La Tumba M, 25, 0
Profanar La Tumba L, 25, 0
Profanar La Tumba XL, 25, 0
Profanar La Tumba XXL, 25, 0
Profanar La Tumba XXXL, 25, 0
Pasadena 1995 XS, 25, 0
Pasadena 1995 S, 25, 0
Pasadena 1995 M, 25, 0
Pasadena 1995 L, 25, 0
Pasadena 1995 XL, 25, 0
Pasadena 1995 XXL, 25, 0
Pasadena 1995 XXXL, 25, 0
Other Bands Play CD, 15, 0
Into Gay Pride CD, 15, 0
A Knight At The Opera CD, 15, 0
Tourmentone CD, 15, 0
Stairway to Valhalla CD, 15, 0
Italian Folk Metal CD, 15, 0
Dislike to False Metal CD, 15, 0
Other Bands Play LP, 20, 0
Into Gay Pride LP, 20, 0
A Knight At The Opera LP, 20, 0
Tourmentone LP, 20, 0
Stairway to Valhalla 2LP, 25, 0
Italian Folk Metal LP, 20, 0
Dislike to False Metal LP, 25, 0
Patch LOGO, 5, 0
Poster, 2, 0
